{
    "40.443555_-3.738452": 2,
    "40.443542_-3.738560": 1,
    "40.443527_-3.738693": 0,
    "40.443518_-3.738819": 1,
    "40.443451_-3.738816": 0,
    "40.443459_-3.738682": 2,
    "40.443475_-3.738546": 2,
    "40.443488_-3.738429": 0,
    "40.443418_-3.738421": 0,
    "40.443412_-3.738528": 1,
    "40.443399_-3.738673": 2,
    "40.443381_-3.738790": 2
}
